{
    "loss": 1.730565071105957,
    "accuracy": 0.8345323801040649
}