{
    "loss": 4.8474578857421875,
    "accuracy": 0.48201438784599304
}